date,locality,state,resolved_locality,resolved_state,resolved_county,fips_code,lat,lon,location,title,event_type,organizations,participants,notables,targets,claims_summary,claims_verbatim,issue_tags_summary,issue_tags_verbatim,issues,valence,conf,macroevent,online,size_text,size_low,size_high,size_mean,size_cat,participant_measures,police_measures,participant_injuries,police_injuries,arrests,property_damage,arrests_any,participant_casualties_any,police_casualties_any,property_damage_any,participant_deaths,police_deaths,notes,coder,source1,source2,source3,source4,source5,source6,source7,source8,source9,source10,source11,source12,source13,source14,source15,source16,source17,source18,source19,source20,source21,source22,source23,source24,source25,source26,source27,source28,source29,source30,percentile
2025-04-05,Carson City,NV,Carson City,NV,NA,32510,39.163798,-119.767403,"Legislative Building (sidewalk), 401 S Carson St",Hands Off! Northern Nevada Fights Back,demonstration,NA,NA,NA,President Trump; Elon Musk,"against the attacks on health care, data, jobs, and services; against the destruction of government and the economy for the benefit of Trump and his billionaire allies; for stopping the chaos and building an opposition movement against the looting of the country; against President Trump; against Elon Musk",cage the Musk-rat; stop the kidnappings / no one is illegal on stolen ground; democracy not dictatorship; Trump is the disease / we the people are the cure / resist; defend democracy; USA flags; United States Marine Corps flag; USA flag [upside down]; no kings;,economy; healthcare; war and peace; presidency,democracy; healthcare; immigration; war and peace; patriotism; presidency,democracy;economy;healthcare;immigration;patriotism;presidency;war and peace,1,1,NA,0,"7000; thousands; over 7,000; 5500; 7500",5500,7500,6500,3,demonstrated along streetside opposite capitol with signs and flags,NA,NA,NA,NA,NA,0,0,0,0,NA,NA,NA,EF; JP; SH; CS,www.mobilize.us,bsky.app,www.newsbreak.com,bsky.app,www.rgj.com,www.2news.com,correspondence,NA,NA,NA,NA,NA,NA,NA,NA,NA,NA,NA,NA,NA,NA,NA,NA,NA,NA,NA,NA,NA,NA,NA,0.9759825327510917
2025-04-05,Richmond,VA,Richmond,VA,NA,51760,37.5407246,-77.4360481,Virginia State Capitol; Monroe Park,Hands Off! Richmond Fights Back,demonstration,NA,elected officials,Sen. Ghazala Hashmi,President Trump; Elon Musk,"against the attacks on health care, data, jobs, and services; against the destruction of government and the economy for the benefit of Trump and his billionaire allies; for stopping the chaos and building an opposition movement against the looting of the country; against President Trump; against Elon Musk","felon #47 keep your tiny hands off; end greed and cruelty; hands off our democracy; USA flag [upside down]; USA flag; ICE = Gestapo; freedom and justice for all; this is not normal; Trans pride flag; beware those saying your neighbors are your enemies youre next; grandma got runover by a tesla on ehr way to social security; fck u elon; tiny hands big mess; so bad, even introverts are here; a coup is a coup is a coup; how dare you replace our dei with your donald elon idiocy; hands off research/$$/public land/public health/libraries/history; hands off public education/healthcare/social security; shut the musk up; education not deportation; ice out of virginia; theyre eating the checks theyre eating the balances; ICE out of virginia; hands off social security + medicare; i stand for diversity equity inclusion; elon didn't earn my social security i did; no sign is big enough to list all the reasons i'm here",economy; healthcare; war and peace; presidency,civil rights; criminal justice; democracy; education; environment; healthcare; immigration; lgbtqia; war and peace; patriotism; racism,civil rights;criminal justice;democracy;economy;education;environment;healthcare;immigration;lgbtqia;patriotism;presidency;racism;war and peace,1,1,NA,0,nearly 3000; estimated 3000; thousands,3000,3000,3000,3,marched; demonstrated with signs and flags; listened to speeches,NA,NA,NA,NA,NA,0,0,0,0,NA,NA,NA,EF; JP; SH;CS; AB,www.mobilize.us,bsky.app,www.wtvr.com,www.vpm.org,www.12onyourside.com,www.progress-index.com,www.progress-index.com,NA,NA,NA,NA,NA,NA,NA,NA,NA,NA,NA,NA,NA,NA,NA,NA,NA,NA,NA,NA,NA,NA,NA,0.9308588064046579
2025-04-05,Houston,TX,Houston,TX,Harris County,48201,29.760427,-95.369803,"Houston City Hall, 901 Bagby St",Hands Off! Houston Fights Back,demonstration,NA,NA,NA,President Trump; Elon Musk,"against the attacks on health care, data, jobs, and services; against the destruction of government and the economy for the benefit of Trump and his billionaire allies; for stopping the chaos and building an opposition movement against the looting of the country; against President Trump; against Elon Musk",Ukraine flag; is this what you wanted? [image of Elon Musk performing fascist salute] / is this who you are? / will you be silent; Rainbow pride flag; Trans pride flag; MAGA is a scam; get your filthy billionaire hands off,economy; healthcare; war and peace; presidency,democracy; economy; foreign affairs; lgbtqia; war and peace,democracy;economy;foreign affairs;healthcare;lgbtqia;presidency;war and peace,1,1,NA,0,6000.0,6000,6000,6000,3,assembled opposite Houston City Hall with banners and signs; erected temporary shelters; listened to speeches; free Mahmoud Khalil;,NA,NA,NA,NA,NA,0,0,0,0,NA,NA,NA,EF; JP; SH,www.mobilize.us,www.youtube.com,www.khou.com,NA,NA,NA,NA,NA,NA,NA,NA,NA,NA,NA,NA,NA,NA,NA,NA,NA,NA,NA,NA,NA,NA,NA,NA,NA,NA,NA,0.9716157205240175
2025-04-05,Akron,OH,Akron,OH,Summit County,39153,41.081445,-81.519005,"Hardesty Park, 1615 W Market St",Hands Off! Greater Akron Fights Back,rally,Indivisible Akron; Akron Democracy Defenders,elected officials,Akron Mayor Shammas Malik; State Senator Casey Weinstein; State Rep. Veronica Sims,President Trump; Elon Musk,"against the attacks on health care, data, jobs, and services; against the destruction of government and the economy for the benefit of Trump and his billionaire allies; for stopping the chaos and building an opposition movement against the looting of the country; against President Trump; against Elon Musk",love is for all; USA flag; defend the constitution; Trans pride flag,economy; healthcare; war and peace; presidency,lgbtqia; war and peace; patriotism,economy;healthcare;lgbtqia;patriotism;presidency;war and peace,1,1,NA,0,Several thousand; thousands,2000,3000,2500,3,demonstrated along streets with signs and flags; listened to speeches; live music,NA,NA,NA,NA,NA,0,0,0,0,NA,NA,NA,EF; JP; SH;CS,www.mobilize.us,bsky.app,www.akron.com,www.beaconjournal.com,NA,NA,NA,NA,NA,NA,NA,NA,NA,NA,NA,NA,NA,NA,NA,NA,NA,NA,NA,NA,NA,NA,NA,NA,NA,NA,0.9206695778748181
2025-04-05,New Orleans,LA,New Orleans,LA,Orleans Parish,22071,29.951066,-90.071532,Lafayette Square,Hands Off! New Orleans Fights Back,demonstration,NA,elected officials,US Representative Troy Carter; New Orleans City Council member JP Morrell; New Orleans City Council member at-large Helena Moreno,President Trump; Elon Musk,"against the attacks on health care, data, jobs, and services; against the destruction of government and the economy for the benefit of Trump and his billionaire allies; for stopping the chaos and building an opposition movement against the looting of the country; against President Trump; against Elon Musk",are we great yet?; resist fear/hate; stop Trump's coup; hands off Gulf of Mexico; hands off social security and medicaid; we won't go back; USA flag; it's all just so stupid and cruel,economy; healthcare; war and peace; presidency,democracy; foreign affairs; healthcare; war and peace; patriotism; presidency; racism,democracy;economy;foreign affairs;healthcare;patriotism;presidency;racism;war and peace,1,1,NA,0,"a few thousand; about 3,000; an estimated 3,000",3000,3000,3000,3,demonstrated in Lafayette Square with signs; listened to speeches,NA,NA,NA,NA,NA,0,0,0,0,NA,NA,NA,EF; JP; SH;CS,www.mobilize.us,www.wwltv.com,www.nola.com,www.fox8live.com,NA,NA,NA,NA,NA,NA,NA,NA,NA,NA,NA,NA,NA,NA,NA,NA,NA,NA,NA,NA,NA,NA,NA,NA,NA,NA,0.9308588064046579
2025-04-05,Des Moines,IA,Des Moines,IA,Polk County,19153,41.586835,-93.624959,"Office of Rep. Zach Nunn, 400 Locust St",Hands Off! Des Moines Fights Back,demonstration,NA,NA,NA,President Trump; Elon Musk; US Congressman Zach Nunn,"against the attacks on health care, data, jobs, and services; against the destruction of government and the economy for the benefit of Trump and his billionaire allies; for stopping the chaos and building an opposition movement against the looting of the country; against President Trump; against Elon Musk",defend our democracy; power to the people; USA flag; Rainbo pride flag; this is not what anyone voted for; dump Trump / make America great again; hands off; a felon is destroying our democracy; you can't spell hatred without red hat;,economy; healthcare; war and peace; presidency,criminal justice; democracy; war and peace; patriotism; presidency,criminal justice;democracy;economy;healthcare;patriotism;presidency;war and peace,1,1,NA,0,"thousands; over 2000; about 2,200",2000,2200,2100,3,demonstrated with signs and flags,NA,NA,NA,NA,NA,0,0,0,0,NA,NA,NA,EF; JP; SH; KT;CS; ML,www.mobilize.us,bsky.app,www.kcci.com,www.weareiowa.com,kdsm17.com,NA,NA,NA,NA,NA,NA,NA,NA,NA,NA,NA,NA,NA,NA,NA,NA,NA,NA,NA,NA,NA,NA,NA,NA,NA,0.9155749636098981
2025-04-05,Honolulu,HI,Honolulu,HI,Honolulu County,15003,21.306944,-157.858333,"Hawaii State Capitol, 415 S Beretania St.",Hands Off! Hawai’i Fights Back,demonstration,Indivisible; 50501; Move On,elected officials,US Representative Jill Tokuda,President Trump; Elon Musk,"against the attacks on health care, data, jobs, and services; against the destruction of government and the economy for the benefit of Trump and his billionaire allies; for stopping the chaos and building an opposition movement against the looting of the country; against President Trump; against Elon Musk",defund SpaceX not social services; are we great yet?; what do we do! stand up fight back!; USA flag [upside down]; strength through diversity; the emperor has no clothes; is this what democracy looks like?; Trump Musk MAGA is giving small boto energy; Hawaii flag; hands off our Hawaii; Trump's cruelty knows no bounds; Trans pride flag,economy; healthcare; war and peace; presidency,democracy; energy; lgbtqia; war and peace; patriotism; presidency,democracy;economy;energy;healthcare;lgbtqia;patriotism;presidency;war and peace,1,1,NA,0,three to five thousand,3000,5000,4000,3,demonstrated along streets with signs and flags,NA,NA,NA,NA,NA,0,0,0,0,NA,NA,NA,EF; JP; SH;CS,www.mobilize.us,www.hawaiinewsnow.com,www.youtube.com,www.kitv.com,NA,NA,NA,NA,NA,NA,NA,NA,NA,NA,NA,NA,NA,NA,NA,NA,NA,NA,NA,NA,NA,NA,NA,NA,NA,NA,0.9556040756914119
2025-04-05,Duluth,MN,Duluth,MN,St. Louis County,27137,46.786672,-92.100485,Duluth City Hall,"Hands Off! Duluth Standing Up, Fighting Back",rally,Duluth Indivisible,elected officials,Minnesota State Representative Pete Johnson; Minnesota Attorney General Keith Ellison;,President Trump; Elon Musk,"against the attacks on health care, data, jobs, and services; against the destruction of government and the economy for the benefit of Trump and his billionaire allies; for stopping the chaos and building an opposition movement against the looting of the country; against President Trump; against Elon Musk","USA Flag; Trump/Musk, Hands off my everything; hands off our democracy; stop the lies; planet over profits; stop Putin's puppet; Rainbow pride flag; stop the Musk rat; hands off Trans rights; Canada flag; stand against evil",economy; healthcare; war and peace; presidency,democracy; environment; foreign affairs; lgbtqia; war and peace; patriotism; presidency,democracy;economy;environment;foreign affairs;healthcare;lgbtqia;patriotism;presidency;war and peace,1,1,NA,0,"Over 2,500",2500,2500,2500,3,demonstrated outside City Hall with signs and flags; listened to speeches; chanted,NA,NA,NA,NA,NA,0,0,0,0,NA,NA,NA,EF; JP; SH;CS,www.mobilize.us,bsky.app,www.northernnewsnow.com,NA,NA,NA,NA,NA,NA,NA,NA,NA,NA,NA,NA,NA,NA,NA,NA,NA,NA,NA,NA,NA,NA,NA,NA,NA,NA,NA,0.9206695778748181
2025-04-14,Nampa,ID,Nampa,ID,Canyon County,16027,43.578818,-116.55978,Ford Idaho Center,Fighting Oligarchy: Where We Go From Here,rally,Idaho Democratic Party,elected officials,Congresswoman Alexandria Ocasio-Cortez; Senator Bernie Sanders,President Trump,against oligarchy; against the President Trump administration,USA flag,democracy; economy; war and peace; presidency,patriotism,democracy;economy;patriotism;presidency;war and peace,1,1,20250414-nampa-sanders,0,"over 12,500",12500,12500,12500,4,NA,NA,NA,NA,NA,NA,0,0,0,0,NA,NA,NA,KT; ML,idahonews.com,www.middleeasteye.net,NA,NA,NA,NA,NA,NA,NA,NA,NA,NA,NA,NA,NA,NA,NA,NA,NA,NA,NA,NA,NA,NA,NA,NA,NA,NA,NA,NA,0.9898107714701602
2025-04-19,South Elgin,IL,South Elgin,IL,Kane County,17089,41.9941938,-88.2922996,S Randall Rd & Silver Glen Rd,"Seriously, Hands Off!!",demonstration,50501 Movement; WE CAN LEAD CHANGE FOX VALLEY,NA,NA,President Trump,"against the anti-democratic and illegal actions of the Trump administration and its plutocratic allies; against the hostile government takeover overseen by the Trump administration; for ending the the rampant corruption within the Trump administration; for ending cuts in federal funding for Medical aid, Social Security and other key programs that working class depends on; for ending attacks on immigrants, transgenders and other marginalized communities","we are still immigrants; save democracy; with liberty and justice for sale; Alexa, change the president; hands off Social Security; USA flag [upside down]; USA flag; Ukraine flag",corruption; healthcare; immigration; labor and workers rights; lgbtqia; war and peace; presidency,democracy; foreign affairs; immigration; war and peace; patriotism; presidency,corruption;democracy;foreign affairs;healthcare;immigration;labor and workers rights;lgbtqia;patriotism;presidency;war and peace,1,1,NA,0,over 2000; 3000+,2000,3000,2500,3,demonstrated along street with signs and flags,NA,NA,NA,NA,NA,0,0,0,0,NA,NA,NA,EF; SH;CS,www.mobilize.us,economictimes.indiatimes.com,theblop.org,www.facebook.com,www.facebook.com,_aoneill_,NA,NA,NA,NA,NA,NA,NA,NA,NA,NA,NA,NA,NA,NA,NA,NA,NA,NA,NA,NA,NA,NA,NA,NA,0.9206695778748181
2025-04-05,Bellingham,WA,Bellingham,WA,Whatcom County,53073,48.751911,-122.478685,"Federal Building, 104 W Magnolia St",Hands Off! Bellingham Fights Back,rally,Individsible Bellingham,teachers; doctors; Planned Parenthood staff; immigrants; transgender community members; elected officials,Councilmember Jace Cotton,President Trump; Elon Musk,"against the attacks on health care, data, jobs, and services; against the destruction of government and the economy for the benefit of Trump and his billionaire allies; for stopping the chaos and building an opposition movement against the looting of the country; against President Trump; against Elon Musk",hands off our social security; proud to be a sucker loser vet; dump the orange disease; hands off; dear canada im sorry; so much wrong such little cardboard; no king no jester; hands off,economy; healthcare; war and peace; presidency,foreign affairs; healthcare; war and peace,economy;foreign affairs;healthcare;presidency;war and peace,1,1,NA,0,approximately 4000,4000,4000,4000,3,NA,NA,NA,NA,NA,NA,0,0,0,0,NA,NA,NA,EF; JP; SH; KT,www.mobilize.us,bsky.app,bsky.app,www.thefrontonline.com,www.bellinghamherald.com,NA,NA,NA,NA,NA,NA,NA,NA,NA,NA,NA,NA,NA,NA,NA,NA,NA,NA,NA,NA,NA,NA,NA,NA,NA,0.9556040756914119
2025-04-05,Sioux Falls,SD,Sioux Falls,SD,Minnehaha County,46099,43.5460223,-96.731265,"United States Court House, 400 S Phillips Ave",Hands Off! Sioux Falls Fights Back,demonstration,South Dakota Indivisible 605; Justice Empowerment Network of Sioux Falls; 50501; Tiwakan; Missing and Murdered Indigenous Women (MMIW) movement,elected officials,State Representative Kadyn Wittman; State Representative Erik Muckey; State Sen. Jamie Smith,President Trump; Elon Musk,"against the attacks on health care, data, jobs, and services; against the destruction of government and the economy for the benefit of Trump and his billionaire allies; for stopping the chaos and building an opposition movement against the looting of the country; against President Trump; against Elon Musk",immigrants and refugees welcome here; Trans pride flag; Black Lives Matter; Nonbinary pride flag; fund libraries; tariff deez nutz; hands off the Postal Service; hands off the VA; flush Trump; protest while it's still legal; he puts the dick in dictator [stylized image of Trump],economy; healthcare; war and peace; presidency,democracy; immigration; lgbtqia; war and peace; policing; presidency; racism,democracy;economy;healthcare;immigration;lgbtqia;policing;presidency;racism;war and peace,1,1,NA,0,"Around 1,000; thousands; 2000; 5000",2000,5000,3500,3,demonstrated with signs and flags,NA,NA,NA,NA,NA,0,0,0,0,NA,NA,NA,EF; JP; SH; CS,www.mobilize.us,oregoncapitalchronicle.com,www.youtube.com,www.argusleader.com,southdakotasearchlight.com,correspondence,NA,NA,NA,NA,NA,NA,NA,NA,NA,NA,NA,NA,NA,NA,NA,NA,NA,NA,NA,NA,NA,NA,NA,NA,0.9475982532751092
2025-04-05,Spokane,WA,Spokane,WA,Spokane County,53063,47.6579711,-117.4235319,"BA Clark Park, 3922 N Normandie St",Hands Off! Spokane Fights Back,demonstration,NA,NA,NA,President Trump; Elon Musk,"against the attacks on health care, data, jobs, and services; against the destruction of government and the economy for the benefit of Trump and his billionaire allies; for stopping the chaos and building an opposition movement against the looting of the country; against President Trump; against Elon Musk",Hands Off; Hands Off Education; Hands Off Democracy; Hands off Social Security; remove / resist / reclaim; USA flag; keep your hands off our freedoms; Rainbow pride flag; Canada flag; federal workers are our brothers and sisters; Ukraine flag; USA flag [upside down]; NATO flag; EU flag;,economy; healthcare; war and peace; presidency,civil rights; democracy; education; foreign affairs; labor and workers rights; war and peace; patriotism,civil rights;democracy;economy;education;foreign affairs;healthcare;labor and workers rights;patriotism;presidency;war and peace,1,1,NA,0,"Police estimated more than 5,000",5000,5000,5000,3,demonstrated along streets with signs,on scene,NA,NA,NA,NA,0,0,0,0,NA,NA,NA,EF; JP; SH;CS,www.mobilize.us,www.columbian.com,NA,NA,NA,NA,NA,NA,NA,NA,NA,NA,NA,NA,NA,NA,NA,NA,NA,NA,NA,NA,NA,NA,NA,NA,NA,NA,NA,NA,0.9679767103347889
2025-04-05,Olympia,WA,Olympia,WA,Thurston County,53067,47.0378741,-122.9006951,"Washington State Capitol Building and Campus, 416 Sid Snyder Ave SW","Hands Off! Olympia Fights Back! Remove, Reverse, Reclaim",demonstration,Evergreen Resistance,NA,NA,President Trump; Elon Musk,"against the attacks on health care, data, jobs, and services; against the destruction of government and the economy for the benefit of Trump and his billionaire allies; for stopping the chaos and building an opposition movement against the looting of the country; against President Trump; against Elon Musk",the only King in America is Elvis;,economy; healthcare; war and peace; presidency,war and peace,economy;healthcare;presidency;war and peace,1,1,NA,0,"thousands; up to 10,000; approximately 5000; 7000",2000,10000,6000,3,NA,NA,NA,NA,NA,NA,0,0,0,0,NA,NA,NA,EF; JP; SH,www.mobilize.us,bsky.app,bsky.app,www.thejoltnews.com,bsky.app,bsky.app,bsky.app,bsky.app,NA,NA,NA,NA,NA,NA,NA,NA,NA,NA,NA,NA,NA,NA,NA,NA,NA,NA,NA,NA,NA,NA,0.9716157205240175
2025-04-19,Carson City,NV,Carson City,NV,NA,32510,39.163798,-119.767403,401 S Carson St,Not Paid. Just Pissed,demonstration,50501 Movement,NA,NA,President Trump; Nevada Gov. Joe Lombardo,"against the anti-democratic and illegal actions of the Trump administration and its plutocratic allies; against the hostile government takeover overseen by the Trump administration; for ending the the rampant corruption within the Trump administration; for ending cuts in federal funding for Medical aid, Social Security and other key programs that working class depends on; for ending attacks on immigrants, transgenders and other marginalized communities",Not Paid / just pissed; Hey Gov / where’s my check; Lame-bardo; eggs are so expensive because all the chickens are in congress; now you've pissed off granny; this potus is how democracy dies; Joe where should I submit my expense report; I used AI to make this sign / save the department of education; take back congress; protect the rule of law; stop this madness 8647; you sheep; democracy dies when the press is removed; the power of the people is greater than the people n power,corruption; healthcare; immigration; labor and workers rights; lgbtqia; war and peace; presidency,democracy; education; legislative; war and peace,corruption;democracy;education;healthcare;immigration;labor and workers rights;legislative;lgbtqia;presidency;war and peace,1,1,NA,0,4500.0,4500,4500,4500,3,NA,NA,NA,NA,NA,NA,0,0,0,0,NA,NA,NA,EF; SH; EdJ; AB,www.mobilize.us,economictimes.indiatimes.com,www.rgj.com,www.kolotv.com,www.kolotv.com,NA,NA,NA,NA,NA,NA,NA,NA,NA,NA,NA,NA,NA,NA,NA,NA,NA,NA,NA,NA,NA,NA,NA,NA,NA,0.9650655021834061
2025-04-05,Lisle,IL,Lisle,IL,DuPage County,17043,41.801141,-88.074787,3200 Ogden Ave,Hands Off! Mass Mobilization (DuPage),demonstration,NA,NA,NA,President Trump; Elon Musk,"against the attacks on health care, data, jobs, and services; against the destruction of government and the economy for the benefit of Trump and his billionaire allies; for stopping the chaos and building an opposition movement against the looting of the country; against President Trump; against Elon Musk",hands off our social security; elon must go; rise up; no more kings!; f-elon; hey hey ho ho donald trump has got to go!; usa flag; hands off; rise up; hands off our democracy; dump trump!; no monarchy!; ukraine flag; palestine flag;,economy; healthcare; war and peace; presidency,democracy; foreign affairs; war and peace; patriotism; presidency,democracy;economy;foreign affairs;healthcare;patriotism;presidency;war and peace,1,1,NA,0,count video,2000,3000,2500,3,NA,NA,NA,NA,NA,NA,0,0,0,0,NA,NA,NA,EF; SH; ML,www.mobilize.us,amay.a100,www.shawlocal.com,NA,NA,NA,NA,NA,NA,NA,NA,NA,NA,NA,NA,NA,NA,NA,NA,NA,NA,NA,NA,NA,NA,NA,NA,NA,NA,NA,0.9206695778748181
2025-04-05,Syracuse,NY,Syracuse,NY,Onondaga County,36067,43.0481221,-76.1474244,"Forman Park, 717 E Genesee St",Hands Off! Syracuse Fights Back,demonstration,Syracuse Peace Council; Students for Justice in Palestine,NA,NA,President Trump; Elon Musk,"against the attacks on health care, data, jobs, and services; against the destruction of government and the economy for the benefit of Trump and his billionaire allies; for stopping the chaos and building an opposition movement against the looting of the country; against President Trump; against Elon Musk","America is not for sale; Wake up America, our Democracy is under attack; Hands off libraries; I’m here for my grandchildren so they can read whatever they want / Banning books is wrong; Ukraine flag; Dude, where's my country; America does not elect a king; USA flag",economy; healthcare; war and peace; presidency,democracy; foreign affairs; war and peace; patriotism,democracy;economy;foreign affairs;healthcare;patriotism;presidency;war and peace,1,1,NA,0,"Up to 4,000; more than 3000",3000,4000,3500,3,demonstrated with flags and signs,NA,NA,NA,NA,NA,0,0,0,0,NA,NA,NA,EF; JP; SH;CS; AB,www.mobilize.us,www.instagram.com,cnycentral.com,www.localsyr.com,www.syracuse.com,correspondence,NA,NA,NA,NA,NA,NA,NA,NA,NA,NA,NA,NA,NA,NA,NA,NA,NA,NA,NA,NA,NA,NA,NA,NA,0.9475982532751092
2025-03-08,New York,NY,New York,NY,NA,36061,40.7127753,-74.0059728,"Washington Square Park, Manhattan",Women's March,demonstration,Women's March; 50501,NA,NA,President Trump,in commemoration of International Women's Day; against President Trump; against President Trump's foreign policy toward Ukraine; for reproductive rights; for Trans rights; for democracy; against Project 2025; for palestinian liberation; for women's right; against cuts to federal spending on scientific research and services,When human rights are under attack what do we do? Fight back!; When Trans rights are under attack what do we do? Fight back!; fight for out future;  girls just wanna have funding for scientific research; keep abortion safe and legal; when injustice becomes law resist; Trump's a traitor; you don't own me [uterus]; women's rights are human rights; Trump loves Putin; Putin is a war criminal; resist the lawless felon; angry women burn brighter than the sun; the GOP is waging a class war; the wealthiest cabinet in US history doesn't carw about you; constitution over corruption; fight like a girl / resist,democracy; foreign affairs; lgbtqia; war and peace; presidency; reproductive rights; science; women's rights,corruption; criminal justice; economy; legislative; lgbtqia; war and peace; presidency; reproductive rights; science; women's rights,corruption;criminal justice;democracy;economy;foreign affairs;legislative;lgbtqia;presidency;reproductive rights;science;war and peace;women's rights,1,1,NA,0,at least a few thousand,3000,3000,3000,3,NA,NA,NA,NA,NA,NA,0,0,0,0,NA,NA,NA,CS; SH,www.instagram.com,www.nytimes.com,www.yorkdispatch.com,NA,NA,NA,NA,NA,NA,NA,NA,NA,NA,NA,NA,NA,NA,NA,NA,NA,NA,NA,NA,NA,NA,NA,NA,NA,NA,NA,0.9308588064046579
2025-04-05,Tampa,FL,Tampa,FL,Hillsborough County,12057,27.9516896,-82.4587527,"Tampa City Hall, E Kennedy Blvd",Hands Off! Tampa Fights Back,demonstration,50501; A better world is possible,NA,NA,President Trump; Elon Musk,"against the attacks on health care, data, jobs, and services; against the destruction of government and the economy for the benefit of Trump and his billionaire allies; for stopping the chaos and building an opposition movement against the looting of the country; against President Trump; against Elon Musk",USA flag; Trans pride flag; Resist; where is congress?!; the maternal mortality rate is too damn high;,economy; healthcare; war and peace; presidency,legislative; lgbtqia; war and peace; patriotism,economy;healthcare;legislative;lgbtqia;patriotism;presidency;war and peace,1,1,NA,0,several thousand; over 3000; about 5000,3000,5000,4000,3,Demonstrated along streets with signs and banners and costumes; chanted,NA,NA,NA,NA,NA,0,0,0,0,NA,NA,NA,EF; JP; SH; CS; ML; AB,www.mobilize.us,www.instagram.com,www.youtube.com,www.fox13news.com,fightbacknews.org,www.wmnf.org,NA,NA,NA,NA,NA,NA,NA,NA,NA,NA,NA,NA,NA,NA,NA,NA,NA,NA,NA,NA,NA,NA,NA,NA,0.9556040756914119
2025-04-05,Pittsburgh,PA,Pittsburgh,PA,Allegheny County,42003,40.4406248,-79.9958864,"City County Building, 414 Grant St",Hands Off! Pittsburgh Fights Back,demonstration,Indivisible; Pittsburgh Federation of Teachers; League of Women Voters; Casa San Jose,elected officials,Mayor Ed Gainey; former US Rep. Connor Lamb,President Trump; Elon Musk,"against the attacks on health care, data, jobs, and services; against the destruction of government and the economy for the benefit of Trump and his billionaire allies; for stopping the chaos and building an opposition movement against the looting of the country; against President Trump; against Elon Musk",reproductive rights are human rights; hands off our rights; empathy is essential; resist; freedom not fascism / resist; progresive pride flag; deport elon; don't tread on my vagina and social security,economy; healthcare; war and peace; presidency,civil rights; democracy; war and peace; reproductive rights,civil rights;democracy;economy;healthcare;presidency;reproductive rights;war and peace,1,1,NA,0,"about 2,000; more than 6,000",2000,6000,4000,3,listened to speeches; demonstrated with signs and flags,NA,NA,NA,NA,NA,0,0,0,0,NA,NA,NA,EF; JP; SH; CS; BO; ML,www.mobilize.us,www.post-gazette.com,www.youtube.com,www.pghcitypaper.com,triblive.com,www.wsws.org,NA,NA,NA,NA,NA,NA,NA,NA,NA,NA,NA,NA,NA,NA,NA,NA,NA,NA,NA,NA,NA,NA,NA,NA,0.9556040756914119
2025-04-05,Berkeley,CA,Berkeley,CA,Alameda County,06001,37.871523,-122.273042,"North Berkeley BART Station, 1721 Acton St; Sacramento Avenue",Hands Off! Berkeley Fights Back,demonstration,NA,NA,NA,President Trump; Elon Musk,"against the attacks on health care, data, jobs, and services; against the destruction of government and the economy for the benefit of Trump and his billionaire allies; for stopping the chaos and building an opposition movement against the looting of the country; against President Trump; against Elon Musk",make everything democratic; save our democracy; free Palestine; oppose fascism; hands off fair elections,economy; healthcare; war and peace; presidency,democracy; foreign affairs; war and peace,democracy;economy;foreign affairs;healthcare;presidency;war and peace,1,1,NA,0,several thousand; thousands; estimated 3000,3000,3000,3000,3,NA,NA,NA,NA,NA,NA,0,0,0,0,NA,NA,NA,EF; JP; SH;CS; AB,www.mobilize.us,www.berkeleyside.org,www.indybay.org,www.dailycal.org,NA,NA,NA,NA,NA,NA,NA,NA,NA,NA,NA,NA,NA,NA,NA,NA,NA,NA,NA,NA,NA,NA,NA,NA,NA,NA,0.9308588064046579
2025-03-04,Olympia,WA,Olympia,WA,Thurston County,53067,47.0378741,-122.9006951,Washington State capitol; Heritage Park,March 4th for Democracy,demonstration; march,50501; Evergreen Resistance,NA,NA,President Trump,against Trump; for democracy,Evergreen Resistance; USA flag; protect; we the people reject fascism; this moment demands resistance; no one is illegal on stolen land; diversity improves US; there are no kings in America; save democracy,democracy; war and peace; presidency,democracy; immigration; indigenous peoples; war and peace; patriotism,democracy;immigration;indigenous peoples;patriotism;presidency;war and peace,1,1,NA,0,more than 2000; around 2300,2000,2300,2150,3,NA,NA,NA,NA,NA,NA,0,0,0,0,NA,NA,NA,JP,events.pol-rev.com,www.columbian.com,NA,NA,NA,NA,NA,NA,NA,NA,NA,NA,NA,NA,NA,NA,NA,NA,NA,NA,NA,NA,NA,NA,NA,NA,NA,NA,NA,NA,0.9163027656477438
2025-04-19,Salt Lake City,UT,Salt Lake City,UT,Salt Lake County,49035,40.7607793,-111.8910474,Utah State Capitol,The Next 50 State Nationwide Protest,demonstration,UTAH 50501,NA,NA,President Trump,"against the anti-democratic and illegal actions of the Trump administration and its plutocratic allies; against the hostile government takeover overseen by the Trump administration; for ending the the rampant corruption within the Trump administration; for ending cuts in federal funding for Medical aid, Social Security and other key programs that working class depends on; for ending attacks on immigrants, transgenders and other marginalized communities",hey Trump / no one paid us to be here / we all hate you for free; habeas corpus; hands off; make America competent again; tax the rich; when injustice becomes law resistance becomes duty; solidarity is sexy; USA flag [upside down]; fuck trump; tattoo ≠ Due Process; due process and justice for all; pigs make poor kings; we the people; impeach; Rainbow Pride Flag; no justice no peace; Wake up and smell the facism; my dog is smarter than trump; no tariffs for penguins; I want my country back; real patriots fight facism,corruption; healthcare; immigration; labor and workers rights; lgbtqia; war and peace; presidency,economy; legislative; war and peace; patriotism; presidency; racism; taxes,corruption;economy;healthcare;immigration;labor and workers rights;legislative;lgbtqia;patriotism;presidency;racism;taxes;war and peace,1,1,NA,0,"more than 2000; 2,500",2000,2500,2250,3,demonstrated at State Capitol with signs and flags,NA,NA,NA,NA,NA,0,0,0,0,NA,NA,NA,EF; SH; CS; EdJ; BO,theblop.org,economictimes.indiatimes.com,www.youtube.com,kutv.com,ksltv.com,NA,NA,NA,NA,NA,NA,NA,NA,NA,NA,NA,NA,NA,NA,NA,NA,NA,NA,NA,NA,NA,NA,NA,NA,NA,0.9170305676855895
2025-04-05,Washington,DC,Washington,DC,District of Columbia,11001,38.9071923,-77.0368707,"Washington Monument, 2 15th St NW; US Immigration and Customs Enforcement (ICE) headquarters",Hands Off! March on D.C.,rally; march,50501; Women's March,elected officials; federal employee union presidents,US Rep Chellie Pingree; US Rep. Jamie Raskin; US Rep Ilhan Omar; U.S. Rep. Eric Swalwell; U.S. Rep. Al Green; Rep. Maxwell Frost; Rev. William Barber,President Trump; Elon Musk,"against the attacks on health care, data, jobs, and services; against the destruction of government and the economy for the benefit of Trump and his billionaire allies; for stopping the chaos and building an opposition movement against the looting of the country; against President Trump; against Elon Musk",USA flag; hands off; no kings; never underestimate an old lady who is anti-fascist; Ukraine flag; Rainbow pride flag; Lock Trump up / deport Elon Musk; Upsidedown USA flag; no more DOGE; feed the people / eat the rich [Elon Musk]; I need to be able to tell my grandchildren I did not stay silent; no war but class war; coup; redeem the dream; the people v billionaire rip-off; democracy not autocracy; hands off our constitution; there are smarter cabinets at IKEA; where is congress do your job!; elon musk has got to go!; Palestine flag,economy; healthcare; war and peace; presidency,democracy; economy; foreign affairs; labor and workers rights; legislative; war and peace; patriotism; presidency,democracy;economy;foreign affairs;healthcare;labor and workers rights;legislative;patriotism;presidency;war and peace,1,1,NA,0,"over 100,000; tens of thousands",20000,100000,60000,4,demonstrated at National Mall; listened to speeches,NA,NA,NA,NA,NA,0,0,0,0,NA,NA,"the 100,000 is an estimate from organizers",EF; JP; SH; BO; AB,www.mobilize.us,www.seeyouinthestreets.com,bsky.app,www.washingtonpost.com,bsky.app,abcnews.go.com,www.theguardian.com,bsky.app,www.theguardian.com,thehill.com,trt.global,NA,NA,NA,NA,NA,NA,NA,NA,NA,NA,NA,NA,NA,NA,NA,NA,NA,NA,NA,0.9985443959243085
2025-04-05,Salt Lake City,UT,Salt Lake City,UT,Salt Lake County,49035,40.7607793,-111.8910474,Utah State Capitol,Hands Off! Salt Lake City Fights Back,demonstration,NA,NA,NA,President Trump; Elon Musk,"against the attacks on health care, data, jobs, and services; against the destruction of government and the economy for the benefit of Trump and his billionaire allies; for stopping the chaos and building an opposition movement against the looting of the country; against President Trump; against Elon Musk",deport musk [nazi symbol]; resist fascism no tariffs; convicted felon 47; super callous fascist racist extra braggadocious; remove trump; tax the oligarchs; USA flag; the constitution is not a suggestion; when injustice becomes law resistance becomes duty; stop the doge chainsaw massacre; end the billionaire coup;  empathy is not a sin,economy; healthcare; war and peace; presidency,criminal justice; democracy; economy; legislative; war and peace; patriotism; presidency; racism; taxes,criminal justice;democracy;economy;healthcare;legislative;patriotism;presidency;racism;taxes;war and peace,1,1,NA,0,"thousands; 6,000; 10,000 to 12,000; 14,000",6000,14000,10000,4,NA,NA,NA,NA,NA,NA,0,0,0,0,NA,NA,"police estimate of 6,000 taken as definitive lower bound;",EF; JP; SH; KT,www.mobilize.us,www.sltrib.com,www.fox13now.com,www.wsws.org,kutv.com,www.yahoo.com,correspondence,NA,NA,NA,NA,NA,NA,NA,NA,NA,NA,NA,NA,NA,NA,NA,NA,NA,NA,NA,NA,NA,NA,NA,0.9847161572052402
2025-04-05,Cincinnati,OH,Cincinnati,OH,Hamilton County,39061,39.103118,-84.51202,"Washington Park, 1230 Elm St",Hands Off! Cincinnati Fights Back,demonstration,bold new democracy; indivisible southwest ohio; ohio's poor people campaign,NA,NA,President Trump; Elon Musk,"against the attacks on health care, data, jobs, and services; against the destruction of government and the economy for the benefit of Trump and his billionaire allies; for stopping the chaos and building an opposition movement against the looting of the country; against President Trump; against Elon Musk",hands off; Rainbow Pride Flag; stop fracking around; resist; immigrants we get the job done; stop destroying our city; human rights should not be debated; no kings; hands off womens rights; hands off USA; pro america anti trump; gadsden flag; independent courts not political puppets; trump is a bully,economy; healthcare; war and peace; presidency,economy; energy; immigration; labor and workers rights; war and peace; presidency; women's rights,economy;energy;healthcare;immigration;labor and workers rights;presidency;war and peace;women's rights,1,1,NA,0,hundreds; over 2000,2000,4000,3000,3,NA,NA,NA,NA,NA,NA,0,0,0,0,NA,NA,NA,EF; JP; SH; CS; BO,www.mobilize.us,bsky.app,www.youtube.com,www.cincinnati.com,www.cincinnati.com,correspondence,NA,NA,NA,NA,NA,NA,NA,NA,NA,NA,NA,NA,NA,NA,NA,NA,NA,NA,NA,NA,NA,NA,NA,NA,0.9308588064046579
2025-04-05,Raleigh,NC,Raleigh,NC,Wake County,37183,35.7795897,-78.6381787,"Bicentennial Plaza, 16 W Jones St",Hands Off! Raleigh NC Fights Back,demonstration,NA,NA,NA,President Trump; Elon Musk,"against the attacks on health care, data, jobs, and services; against the destruction of government and the economy for the benefit of Trump and his billionaire allies; for stopping the chaos and building an opposition movement against the looting of the country; against President Trump; against Elon Musk",seniors need their social security,economy; healthcare; war and peace; presidency,war and peace,economy;healthcare;presidency;war and peace,1,1,NA,0,"at least 6,000; 8,000; 10,000; 11,000; 45,000;",8000,11000,9500,3,NA,NA,NA,NA,NA,NA,0,0,0,0,NA,NA,"Axios article cites a source claiming 45,000 but that seems very unlikely given other available information",EF; JP; SH; CS,www.mobilize.us,www.wral.com,www.axios.com,www.elonnewsnetwork.com,correspondence,NA,NA,NA,NA,NA,NA,NA,NA,NA,NA,NA,NA,NA,NA,NA,NA,NA,NA,NA,NA,NA,NA,NA,NA,NA,0.9839883551673945
2025-04-05,Sacramento,CA,Sacramento,CA,Sacramento County,06067,38.5815719,-121.4943996,"California State Capitol Park, 1300 L St",Hands Off! Sacramento Fights Back,demonstration,47119.0,NA,NA,President Trump; Elon Musk,"against the attacks on health care, data, jobs, and services; against the destruction of government and the economy for the benefit of Trump and his billionaire allies; for stopping the chaos and building an opposition movement against the looting of the country; against President Trump; against Elon Musk",Tarrif-ied; hands off; USA flag; resist; government for the 99% not the 1% [crossed out swastika]; USA flag [upside down]; Ikea has better cabinets; bro. we don't want Greenland. we want basic human rights; all threats foreign and domestic; Mexico flag; Ukraine flag,economy; healthcare; war and peace; presidency,economy; foreign affairs; war and peace; patriotism; racism,economy;foreign affairs;healthcare;patriotism;presidency;racism;war and peace,1,1,NA,0,"thousands; at least 3,000; 3500; 5000",3500,5000,4250,3,music; assembled at California state capitol with signs and banners,NA,NA,NA,NA,NA,0,0,0,0,NA,NA,NA,EF; JP; SH; CS,www.mobilize.us,bsky.app,www.instagram.com,www.cbsnews.com,www.kcra.com,www.cbsnews.com,correspondence,NA,NA,NA,NA,NA,NA,NA,NA,NA,NA,NA,NA,NA,NA,NA,NA,NA,NA,NA,NA,NA,NA,NA,0.9636098981077147
2025-04-19,Portland,ME,Portland,ME,Cumberland County,23005,43.6590993,-70.2568189,Monument Square,National Day Of Action,demonstration,Portland Indivisible; Indivisible Greater Portland Maine; 50501 Movement,NA,NA,President Trump,"against the anti-democratic and illegal actions of the Trump administration and its plutocratic allies; against the hostile government takeover overseen by the Trump administration; for ending the the rampant corruption within the Trump administration; for ending cuts in federal funding for Medical aid, Social Security and other key programs that working class depends on; for ending attacks on immigrants, transgenders and other marginalized communities",impeach the felon; USA flag; hands off; save our democracy; regime Trump over; stop musk; hands off medicaid + social security,corruption; healthcare; immigration; labor and workers rights; lgbtqia; war and peace; presidency,criminal justice; democracy; healthcare; war and peace; patriotism; presidency,corruption;criminal justice;democracy;healthcare;immigration;labor and workers rights;lgbtqia;patriotism;presidency;war and peace,1,1,NA,0,more than 3000,3000,3000,3000,3,NA,NA,NA,NA,NA,NA,0,0,0,0,NA,NA,NA,EF; SH; EdJ; BO,theblop.org,economictimes.indiatimes.com,www.pressherald.com,wgme.com,NA,NA,NA,NA,NA,NA,NA,NA,NA,NA,NA,NA,NA,NA,NA,NA,NA,NA,NA,NA,NA,NA,NA,NA,NA,NA,0.9308588064046579
2025-04-05,Portsmouth,NH,Portsmouth,NH,Rockingham County,33015,43.0717552,-70.7625532,"Market Square, Market Square","Hands Off! Portsmouth, NH Fights Back",demonstration,NA,NA,NA,President Trump; Elon Musk,"against the attacks on health care, data, jobs, and services; against the destruction of government and the economy for the benefit of Trump and his billionaire allies; for stopping the chaos and building an opposition movement against the looting of the country; against President Trump; against Elon Musk",hands off / our marriage / our rights / our immigrants; hate will not make us great; trans pride flag; white silence is violence; diversity is our strength; stop the chaos; hands off education; hands off my money; let freedom ring; hands off our social security + medicare; hands off our schools; republicans show courage stop tariffs,economy; healthcare; war and peace; presidency,civil rights; education; healthcare; immigration; lgbtqia; war and peace; racism,civil rights;economy;education;healthcare;immigration;lgbtqia;presidency;racism;war and peace,1,1,NA,0,few thousand,3000,3000,3000,3,included The Leftist Marching Band,NA,NA,NA,NA,NA,0,0,0,0,NA,NA,NA,EF; JP; SH;CS; BO,www.mobilize.us,www.nhpr.org,www.seacoastonline.com,www.usatoday.com,bsky.app,NA,NA,NA,NA,NA,NA,NA,NA,NA,NA,NA,NA,NA,NA,NA,NA,NA,NA,NA,NA,NA,NA,NA,NA,NA,0.9308588064046579
2025-04-05,Albuquerque,NM,Albuquerque,NM,Bernalillo County,35001,35.084386,-106.650422,"Civic Plaza, 1 Civic Plz",Hands Off! Albuquerque Fights Back,rally,New Mexico Climate Justice,elected officials,Mayor Tim Keller,President Trump; Elon Musk,"against the attacks on health care, data, jobs, and services; against the destruction of government and the economy for the benefit of Trump and his billionaire allies; for stopping the chaos and building an opposition movement against the looting of the country; against President Trump; against Elon Musk","Democracy dies in silence; science cures / cuts kill; the recession is coming from inside the house; Trump is a dick tater; USA flag; free Palestine; Palestine flag; USA flag [upside down]; we are tarrified; shut your heil hole; Ukraine flag; if your voice held no power they wouldn't try to silence you; teachers making ""good trouble""; calm down gringo I'm legal; familias no tienen fronteras",economy; healthcare; war and peace; presidency,democracy; economy; education; foreign affairs; housing; war and peace; patriotism; presidency; science,democracy;economy;education;foreign affairs;healthcare;housing;patriotism;presidency;science;war and peace,1,1,NA,0,"several thousand; thousands; 5,000; 10,000",5000,10000,7500,3,rallied at state capitol with signs and flags; listened to speeches,NA,NA,NA,NA,NA,0,0,0,0,NA,NA,NA,EF; JP; SH;CS; AB,www.mobilize.us,bsky.app,bsky.app,www.kob.com,www.kunm.org,correspondence,www.abqjournal.com,NA,NA,NA,NA,NA,NA,NA,NA,NA,NA,NA,NA,NA,NA,NA,NA,NA,NA,NA,NA,NA,NA,NA,0.9788937409024745
2025-04-05,Charlotte,NC,Charlotte,NC,Mecklenburg County,37119,35.227087,-80.843127,"Charlotte Mecklenburg County Social Services Department, 301 Billingsley Rd",Hands Off! Charlotte Fights Back!,demonstration,Indivisible CLT,NA,NA,President Trump; Elon Musk,"against the attacks on health care, data, jobs, and services; against the destruction of government and the economy for the benefit of Trump and his billionaire allies; for stopping the chaos and building an opposition movement against the looting of the country; against President Trump; against Elon Musk",hands off; hands off civil rights; hands off healthcare; hands off my body; USA flag; stop trying to make tariffs happen,economy; healthcare; war and peace; presidency,civil rights; healthcare; war and peace; patriotism,civil rights;economy;healthcare;patriotism;presidency;war and peace,1,1,NA,0,"about 3,500",3500,3500,3500,3,assembled with banners and signs; chanted,NA,NA,NA,NA,NA,0,0,0,0,NA,NA,NA,EF; JP; SH; CS,www.mobilize.us,www.youtube.com,www.wcnc.com,www.wccbcharlotte.com,NA,NA,NA,NA,NA,NA,NA,NA,NA,NA,NA,NA,NA,NA,NA,NA,NA,NA,NA,NA,NA,NA,NA,NA,NA,NA,0.9475982532751092
2025-04-05,Torrance,CA,Torrance,CA,Los Angeles County,06037,33.8358492,-118.3406288,"Torrance City Hall, 3031 Torrance Blvd",Hands Off! The South Bay Fights Back,demonstration,NA,NA,NA,President Trump; Elon Musk,"against the attacks on health care, data, jobs, and services; against the destruction of government and the economy for the benefit of Trump and his billionaire allies; for stopping the chaos and building an opposition movement against the looting of the country; against President Trump; against Elon Musk",Good Trouble; Not going back,economy; healthcare; war and peace; presidency,war and peace,economy;healthcare;presidency;war and peace,1,1,NA,0,"over 10,000",10000,10000,10000,4,NA,NA,NA,NA,NA,NA,0,0,0,0,NA,NA,"10,000 crowd size is based on police estimate",EF; JP; SH,www.mobilize.us,www.ocregister.com,NA,NA,NA,NA,NA,NA,NA,NA,NA,NA,NA,NA,NA,NA,NA,NA,NA,NA,NA,NA,NA,NA,NA,NA,NA,NA,NA,NA,0.9847161572052402
2025-04-05,Toledo,OH,Toledo,OH,Lucas County,39095,41.6528052,-83.5378674,"Craig Memorial Bridge, N Summit St Side",Hands Off! TOLEDO Fights Back,demonstration; march,NA,NA,NA,President Trump; Elon Musk,"against the attacks on health care, data, jobs, and services; against the destruction of government and the economy for the benefit of Trump and his billionaire allies; for stopping the chaos and building an opposition movement against the looting of the country; against President Trump; against Elon Musk","Elon, stop gaslighting America; people over profit; hands off; don't mess with medicaid; stop Project 2025; Ukraine flag; USA flag; USA flag [upside down]; Canada flag; Trump and Musk have got to go!; Trans pride flag; hands off Canada",economy; healthcare; war and peace; presidency,democracy; economy; foreign affairs; healthcare; lgbtqia; war and peace; patriotism; presidency,democracy;economy;foreign affairs;healthcare;lgbtqia;patriotism;presidency;war and peace,1,1,NA,0,"About 4,000",4000,4000,4000,3,marched and demonstrated with flags and signs,on scene,NA,NA,NA,NA,0,0,0,0,NA,NA,"Reporting only confirms that event occurred, no additional details",EF; JP; SH;CS,www.mobilize.us,www.youtube.com,www.wtol.com,toledofreepress.com,NA,NA,NA,NA,NA,NA,NA,NA,NA,NA,NA,NA,NA,NA,NA,NA,NA,NA,NA,NA,NA,NA,NA,NA,NA,NA,0.9556040756914119
2025-04-05,Denver,CO,Denver,CO,Denver County,08031,39.739236,-104.990251,"Capitol Building, 200 E Colfax Ave",Hands Off! Denver Fights Back,rally,NA,elected officials,Colorado Attorney General Philip J. Weiser; State Sen. Jessie Danielson; Colorado state director of GreenLatinos Ean Tafoya,President Trump; Elon Musk,"against the attacks on health care, data, jobs, and services; against the destruction of government and the economy for the benefit of Trump and his billionaire allies; for stopping the chaos and building an opposition movement against the looting of the country; against President Trump; against Elon Musk; for the release of Jeanette Vizguerra",Palestine flag; Ukraine flag; science not oppression; stop the madness; we bow to no king; hands off; no human being is illegal; USA flag; with fear for democracy I dissent; veterans are not government waste; stand with Palestine; hands off Alzheimers research; ICE out of our community; protect the constitution; silence = death; LGBTQ+ rights are human rights; we won't give up/we won't give in,economy; healthcare; war and peace; presidency,democracy; foreign affairs; immigration; lgbtqia; war and peace; patriotism; science,democracy;economy;foreign affairs;healthcare;immigration;lgbtqia;patriotism;presidency;science;war and peace,1,1,NA,0,"About 8,000; 10000; thousands",8000,10000,9000,3,marched through downtown with flags and banners; listened to speeches,NA,NA,NA,NA,NA,0,0,0,0,NA,NA,NA,EF; JP; SH;CS; AB,www.mobilize.us,bsky.app,www.youtube.com,denvergazette.com,www.cpr.org,coloradonewsline.com,coloradosun.com,www.cpr.org,coloradosun.com,NA,NA,NA,NA,NA,NA,NA,NA,NA,NA,NA,NA,NA,NA,NA,NA,NA,NA,NA,NA,NA,0.982532751091703
2025-04-05,Portland,OR,Portland,OR,Multnomah County,41051,45.515232,-122.6783853,Southwest Naito parkway,Hands off!,demonstration,Rose city indivisible; 50501,NA,NA,President Trump; Elon Musk,"against the attacks on health care, data, jobs, and services; against the destruction of government and the economy for the benefit of Trump and his billionaire allies; for stopping the chaos and building an opposition movement against the looting of the country; against President Trump; against Elon Musk",USA flag; Ukraine flag; we the people; rule of law not of kings; hands off democracy; keep america beautiful; white supremacy is terrorism; no oligarchs in america; cuts kill; untrump the world; drain the real swamp; no kings / end the coup; protect trans kids; Palestine flag,economy; healthcare; war and peace; presidency,democracy; economy; foreign affairs; legislative; lgbtqia; war and peace; patriotism; racism,democracy;economy;foreign affairs;healthcare;legislative;lgbtqia;patriotism;presidency;racism;war and peace,1,1,NA,0,"over 10,000",10000,10000,10000,4,NA,NA,NA,NA,NA,NA,0,0,0,0,NA,NA,NA,BO,www.portlandtribune.com,NA,NA,NA,NA,NA,NA,NA,NA,NA,NA,NA,NA,NA,NA,NA,NA,NA,NA,NA,NA,NA,NA,NA,NA,NA,NA,NA,NA,NA,0.9847161572052402
2025-04-05,Bangor,ME,Bangor,ME,Penobscot County,23019,44.801613,-68.771226,"Bangor Public Library, 145 Harlow St",Hands Off! Bangor Fights Back,rally,NA,elected officials,Maine Secretary of State Shenna Bellows; State Representative Sean Faircloth; Reverend Cathy Genthner; State Sen. Mike Tipping,President Trump; Elon Musk,"against the attacks on health care, data, jobs, and services; against the destruction of government and the economy for the benefit of Trump and his billionaire allies; for stopping the chaos and building an opposition movement against the looting of the country; against President Trump; against Elon Musk",Canada flag; USA flag; reduce fossil fuels; immigrants make America great; USA flag [upside down]; hands off our democracy; fight like Cory Booker; hands off our courts;,economy; healthcare; war and peace; presidency,democracy; energy; environment; foreign affairs; immigration; war and peace; patriotism,democracy;economy;energy;environment;foreign affairs;healthcare;immigration;patriotism;presidency;war and peace,1,1,20250405-Bangor-Hands,0,big crowd; hundreds; estimated 1000; 1200-1800; 1000,10000,1800,5900,3,NA,NA,NA,NA,NA,NA,0,0,0,0,NA,NA,Local news estimate of 1000 taken as low.,EF; JP; SH;CS,www.mobilize.us,bsky.app,bsky.app,bsky.app,bsky.app,www.wabi.tv,mainebeacon.com,NA,NA,NA,NA,NA,NA,NA,NA,NA,NA,NA,NA,NA,NA,NA,NA,NA,NA,NA,NA,NA,NA,NA,0.9708879184861717
2025-04-05,Boca Raton,FL,Boca Raton,FL,Palm Beach County,12099,26.368306,-80.128932,"Boca Raton City Hall, 201 W Palmetto Park Road",Hands Off! Boca Raton Indivisible Fights Back,demonstration,Boca Raton Indivisible,NA,NA,President Trump; Elon Musk,"against the attacks on health care, data, jobs, and services; against the destruction of government and the economy for the benefit of Trump and his billionaire allies; for stopping the chaos and building an opposition movement against the looting of the country; against President Trump; against Elon Musk","vote for people who vote to protect women's rights; stop these clowns [images of Trump, Hitler, and Rubio in clown makeup]; hands off my democracy; hands off social security; hands off our Constitution; hands off Title 1 schools and IEP Services; honk if oligarchy is bad; I need to be able to tell my grandchildren I did not stay silent",economy; healthcare; war and peace; presidency,democracy; economy; education; war and peace; presidency; women's rights,democracy;economy;education;healthcare;presidency;war and peace;women's rights,1,1,20250405-bocaraton-handsoff,0,"thousands; over 2,000; about 2,500",2000,2500,2250,3,demonstrated along streets with signs and flags,on scene; coordinating with organizers,NA,NA,NA,NA,0,0,0,0,NA,NA,"police told organizers there were about 2,500 people",EF; JP; SH,www.mobilize.us,bsky.app,bsky.app,bsky.app,www.palmbeachpost.com,www.sun-sentinel.com,www.palmbeachpost.com,NA,NA,NA,NA,NA,NA,NA,NA,NA,NA,NA,NA,NA,NA,NA,NA,NA,NA,NA,NA,NA,NA,NA,0.9170305676855895
2025-04-05,Medford,OR,Medford,OR,Jackson County,41029,42.326515,-122.875595,"Hawthorn Park (Sidwalks that run along E. Jackson ST, E Jackson St",Hands Off! The Rogue Valley Fights Back,demonstration,NA,NA,NA,President Trump; Elon Musk,"against the attacks on health care, data, jobs, and services; against the destruction of government and the economy for the benefit of Trump and his billionaire allies; for stopping the chaos and building an opposition movement against the looting of the country; against President Trump; against Elon Musk",we will fight back; USA flag; billionaires out of government;,economy; healthcare; war and peace; presidency,economy; war and peace; patriotism,economy;healthcare;patriotism;presidency;war and peace,1,1,NA,0,estimated 4000; estimated 2000,2000,4000,3000,3,demonstrated with flags and signs; chanted,NA,NA,NA,NA,NA,0,0,0,0,NA,NA,"Two separate protests took place in Medford, OR.",EF; JP; SH; KT; CS,www.mobilize.us,bsky.app,oregoncapitalchronicle.com,www.kdrv.com,NA,NA,NA,NA,NA,NA,NA,NA,NA,NA,NA,NA,NA,NA,NA,NA,NA,NA,NA,NA,NA,NA,NA,NA,NA,NA,0.9308588064046579
2025-04-05,Ithaca,NY,Ithaca,NY,Tompkins County,36109,42.443961,-76.501881,Bernie Milton Pavillion,Hands Off! Ithaca Fights Back,demonstration,Indivisible Tompkins,NA,NA,President Trump; Elon Musk,"against the attacks on health care, data, jobs, and services; against the destruction of government and the economy for the benefit of Trump and his billionaire allies; for stopping the chaos and building an opposition movement against the looting of the country; against President Trump; against Elon Musk",and justice for all?; [crossed out] Putin; hands off; hands off youth services; make lying wrong again; usa flag; resist; hands off!; usa!; this is what democracy looks like!; hands off history; one nation indivisible; all your fascists bound to lose; are we great yet?; rainbow pride flag; rainbow progress flag,economy; healthcare; war and peace; presidency,democracy; war and peace; patriotism,democracy;economy;healthcare;patriotism;presidency;war and peace,1,1,NA,0,thousands; over 3000,2000,3000,2500,3,NA,NA,NA,NA,NA,NA,0,0,0,0,NA,NA,NA,EF; JP; SH; ML; AB,www.mobilize.us,theithacan.org,www.ithacajournal.com,www.ithacajournal.com,NA,NA,NA,NA,NA,NA,NA,NA,NA,NA,NA,NA,NA,NA,NA,NA,NA,NA,NA,NA,NA,NA,NA,NA,NA,NA,0.9206695778748181
2025-04-05,San Francisco,CA,San Francisco,CA,San Francisco County,06075,37.7749295,-122.4194155,"Civic Center Plaza, 335 McAllister St",Hands Off! San Francisco Fights Back,demonstration,Indivisible,elected officials,State Senator Scott Wiener,President Trump; Elon Musk,"against the attacks on health care, data, jobs, and services; against the destruction of government and the economy for the benefit of Trump and his billionaire allies; for stopping the chaos and building an opposition movement against the looting of the country; against President Trump; against Elon Musk",speak up senators / silence like a cancer grows; nobody voted for this; contain the con man; Trans pride flag; hands off education; Ukraine flag; USA flag; USA flag [upside down]; Putin own$ Trump; Ukraine flag; I didn't elect DOGE / did you?; Good Trouble; Rainbow pride flag; Whose streets?! Our streets!,economy; healthcare; war and peace; presidency,education; foreign affairs; healthcare; legislative; lgbtqia; war and peace; patriotism; presidency; transportation,economy;education;foreign affairs;healthcare;legislative;lgbtqia;patriotism;presidency;transportation;war and peace,1,1,NA,0,"more than 5,000; at least 10000",5000,10000,7500,3,demonstrated with signs and flags; listened to speeches; marched down Van Ness toward the Highway 101 and back to Civic Center,NA,NA,NA,NA,NA,0,0,0,0,NA,NA,NA,EF; JP; SH;CS,www.mobilize.us,bsky.app,goldengatexpress.org,NA,NA,NA,NA,NA,NA,NA,NA,NA,NA,NA,NA,NA,NA,NA,NA,NA,NA,NA,NA,NA,NA,NA,NA,NA,NA,NA,0.9788937409024745
2025-04-16,Missoula,MT,Missoula,MT,Missoula County,30063,46.872128,-113.994031,University of Montana,Fighting Oligarchy Tour,rally,NA,students; elected officials,Sen. Bernie Sanders; Rep. Alexandria Ocasio-Cortez,President Trump; Elon Musk,against the Trump administration; for democracy; for wealth equality; against billionaires; against oligarchy,fight the oligarchy; USA flag;,democracy; economy; war and peace; presidency,democracy; economy; war and peace; patriotism,democracy;economy;patriotism;presidency;war and peace,1,1,NA,0,"nearly 10,000",10000,10000,10000,4,NA,NA,NA,NA,NA,NA,0,0,0,0,NA,NA,NA,ML,www.krtv.com,missoulian.com,missoulian.com,missoulian.com,missoulian.com,www.kpax.com,www.kpax.com,missoulian.com,NA,NA,NA,NA,NA,NA,NA,NA,NA,NA,NA,NA,NA,NA,NA,NA,NA,NA,NA,NA,NA,NA,0.9847161572052402
2025-04-05,Rochester,NY,Rochester,NY,Monroe County,36055,43.1565779,-77.6088465,"Cobbs Hill Park, 80 Culver Rd; Monroe Avenue",Hands Off! Rochester NY Fights Back,demonstration,NA,NA,NA,President Trump; Elon Musk,"against the attacks on health care, data, jobs, and services; against the destruction of government and the economy for the benefit of Trump and his billionaire allies; for stopping the chaos and building an opposition movement against the looting of the country; against President Trump; against Elon Musk",without medical research I'd already be dead; I've seen better cabinets in Ikea; hands off refugees!; USA flag; hands off education; save our democracay,economy; healthcare; war and peace; presidency,education; healthcare; immigration; war and peace; patriotism,economy;education;healthcare;immigration;patriotism;presidency;war and peace,1,1,NA,0,thousands; around 4000; more than 3000,2000,4000,3000,3,demonstrated in park with chants and signs,NA,NA,NA,NA,NA,0,0,0,0,NA,NA,NA,EF; JP; SH;CS; AB,www.mobilize.us,www.youtube.com,www.usatoday.com,www.democratandchronicle.com,www.whec.com,www.wxxinews.org,NA,NA,NA,NA,NA,NA,NA,NA,NA,NA,NA,NA,NA,NA,NA,NA,NA,NA,NA,NA,NA,NA,NA,NA,0.9308588064046579
2025-04-05,Columbia,SC,Columbia,SC,Richland County,45079,34.00071,-81.034814,"South Carolina State House, 1100 Gervais St",Hands Off! Columbia SC We Fights Back,demonstration,Carolina for All; Invisible; 50501-SC,NA,NA,President Trump; Elon Musk,"against the attacks on health care, data, jobs, and services; against the destruction of government and the economy for the benefit of Trump and his billionaire allies; for stopping the chaos and building an opposition movement against the looting of the country; against President Trump; against Elon Musk",workers should have power not billionaires; USA flag; stand up for democracy; resist Project 2025; Resist DOGE; USA flag [upside down]; Ukraine flag; this is what democracy looks like!; enough; no kings,economy; healthcare; war and peace; presidency,democracy; economy; foreign affairs; labor and workers rights; war and peace; patriotism,democracy;economy;foreign affairs;healthcare;labor and workers rights;patriotism;presidency;war and peace,1,1,NA,0,hundreds; 1250; 4000,1250,4000,2625,3,demonstrated on State Capitol steps with signs and flags; chanted,NA,NA,NA,NA,NA,0,0,0,0,NA,NA,NA,EF; JP; SH;CS,www.mobilize.us,abcnews4.com,www.postandcourier.com,www.wistv.com,correspondence,NA,NA,NA,NA,NA,NA,NA,NA,NA,NA,NA,NA,NA,NA,NA,NA,NA,NA,NA,NA,NA,NA,NA,NA,NA,0.9279475982532751
2025-04-05,Chicago,IL,Chicago,IL,Cook County,17031,41.878114,-87.629798,"Richard J. Daley Center, 50 W Washington St",Hands Off! Rally and March to Rise Up and Fight Back Against Trump/Musk Attacks,rally; march,Coalition for Immigrant and Refugee Rights; Indivisible Chicago; Equality Illinois; Chicago Federation of Labor,NA,NA,President Trump; Elon Musk,"against the attacks on health care, data, jobs, and services; against the destruction of government and the economy for the benefit of Trump and his billionaire allies; for stopping the chaos and building an opposition movement against the looting of the country; against President Trump; against Elon Musk",hands off; stop selling our country for parts; defend democracy; hands off the constitution; doge musk; hands off our classrooms; silence = death; working people will crush fascism we wont give up; hey hey ho ho donald trump has go to go!,economy; healthcare; war and peace; presidency,democracy; education; labor and workers rights; war and peace; presidency,democracy;economy;education;healthcare;labor and workers rights;presidency;war and peace,1,1,NA,0,"more than 30,000",30000,30000,30000,4,Marched along streets with signs and banners;,NA,NA,NA,NA,NA,0,0,0,0,NA,NA,NA,EF; JP; SH; KT;CS,www.mobilize.us,www.cbsnews.com,www.wbez.org,www.wsws.org,NA,NA,NA,NA,NA,NA,NA,NA,NA,NA,NA,NA,NA,NA,NA,NA,NA,NA,NA,NA,NA,NA,NA,NA,NA,NA,0.99490538573508
2025-04-19,Anchorage,AK,Anchorage,AK,Anchorage,02020,61.218056,-149.900278,Town Square Park,April 19 - Day of Action,demonstration,50501 Movement,NA,NA,President Trump,"against the anti-democratic and illegal actions of the Trump administration and its plutocratic allies; against the hostile government takeover overseen by the Trump administration; for ending the the rampant corruption within the Trump administration; for ending cuts in federal funding for Medical aid, Social Security and other key programs that working class depends on; for ending attacks on immigrants, transgenders and other marginalized communities",no kings; the feudal age is over / no more kings / no more tyrants; Ofputin [image of Trump in Handmaid's Tale costume]; this is not a left or right moment / it's a right or wrong moment; Palestine flag; Rainbow pride flag; Ukraine flag; love not hate makes America great; hands off Greenland; USA flag [upside down]; USA flag,corruption; healthcare; immigration; labor and workers rights; lgbtqia; war and peace; presidency,foreign affairs; war and peace; patriotism; presidency; racism,corruption;foreign affairs;healthcare;immigration;labor and workers rights;lgbtqia;patriotism;presidency;racism;war and peace,1,1,NA,0,"More than 3,000",3000,3000,3000,3,demonstrated with signs and flags; wore colonial costumes; speeches; music,NA,NA,NA,NA,NA,0,0,0,0,NA,NA,NA,SH;CS,www.facebook.com,economictimes.indiatimes.com,www.pbs.org,www.alaskasnewssource.com,www.adn.com,NA,NA,NA,NA,NA,NA,NA,NA,NA,NA,NA,NA,NA,NA,NA,NA,NA,NA,NA,NA,NA,NA,NA,NA,NA,0.9308588064046579
2025-04-05,Monterey,CA,Monterey,CA,Monterey County,06053,36.600238,-121.894676,"Window on the Bay, 717 Del Monte Ave",Hands Off! Monterey Fights Back,demonstration,NA,NA,Monterey County Supervisor Kate Daniels; Monterey Councilmember Gino Garcia; Sheriff Tina Nieto,President Trump; Elon Musk,"against the attacks on health care, data, jobs, and services; against the destruction of government and the economy for the benefit of Trump and his billionaire allies; for stopping the chaos and building an opposition movement against the looting of the country; against President Trump; against Elon Musk","hands off DEA / our HHS; hands off free speech; hands off Medicaid; it's a moral moment; use a scalpel, not a chainsaw; hate will not make us great again; stop the coup / speak out; USA flag [upside down]; Intersex inclusive pride progress flag; mutual flourishing; Trump is a criminal; deport Musk; time for good trouble; hands off social security",economy; healthcare; war and peace; presidency,civil rights; democracy; free speech; healthcare; lgbtqia; war and peace; patriotism; presidency; racism,civil rights;democracy;economy;free speech;healthcare;lgbtqia;patriotism;presidency;racism;war and peace,1,1,NA,0,"over 3,700; well over a thousand; 3600 (correspondence)",3600,3700,3650,3,demonstrated along street with signs and banners; listened to speech,NA,NA,NA,NA,NA,0,0,0,0,NA,NA,NA,EF; JP; SH;CS; BO; AB,www.mobilize.us,www.montereycountynow.com,www.montgomeryadvertiser.com,www.montereycountynow.com,correspondence,NA,NA,NA,NA,NA,NA,NA,NA,NA,NA,NA,NA,NA,NA,NA,NA,NA,NA,NA,NA,NA,NA,NA,NA,NA,0.9534206695778749
2025-03-22,Tucson,AZ,Tucson,AZ,Pima County,04019,32.2539787,-110.9741769,Catalina High School,Fighting Oligarchy: Where We Go From Here,rally,NA,elected officials,Sen. Bernie Sanders; Rep. Alexandria Ocasio-Cortez; Pima County Supervisor Adelita Grijalva; Greg Casar,President Trump,against oligarchy; against President Trump; for democracy,USA flag,democracy; economy; war and peace; presidency,patriotism,democracy;economy;patriotism;presidency;war and peace,1,1,NA,0,"estimated 20,000; more than 23,000",20000,23000,21500,4,NA,NA,NA,NA,NA,NA,0,0,0,0,NA,NA,NA,SH,azluminaria.org,tucson.com,act.berniesanders.com,tucson.com,news.azpm.org,www.kgun9.com,NA,NA,NA,NA,NA,NA,NA,NA,NA,NA,NA,NA,NA,NA,NA,NA,NA,NA,NA,NA,NA,NA,NA,NA,0.992721979621543
2025-04-19,Denver,CO,Denver,CO,Denver County,08031,39.739236,-104.990251,200 E Colfax Ave,Hands Off! Rally and March - Denver,demonstration,50501 Movement; Raise Her Voice; Women's Strike; Indivisible Denver,NA,NA,President Trump,"against the anti-democratic and illegal actions of the Trump administration and its plutocratic allies; against the hostile government takeover overseen by the Trump administration; for ending the the rampant corruption within the Trump administration; for ending cuts in federal funding for Medical aid, Social Security and other key programs that working class depends on; for ending attacks on immigrants, transgenders and other marginalized communities",USA flag [upside down]; Ukraine flag; defund Musk; lock them up; Trump makes America less;,corruption; healthcare; immigration; labor and workers rights; lgbtqia; war and peace; presidency,foreign affairs; war and peace; patriotism; presidency,corruption;foreign affairs;healthcare;immigration;labor and workers rights;lgbtqia;patriotism;presidency;war and peace,1,1,NA,0,"Colorado State Patrol estimated about 3,000",3000,3000,3000,3,demonstrated at capitol with signs and flags,NA,NA,NA,NA,NA,0,0,0,0,NA,NA,NA,EF; SH; CS; EdJ,www.mobilize.us,economictimes.indiatimes.com,www.westword.com,coloradonewsline.com,www.westword.com,www.denver7.com,NA,NA,NA,NA,NA,NA,NA,NA,NA,NA,NA,NA,NA,NA,NA,NA,NA,NA,NA,NA,NA,NA,NA,NA,0.9308588064046579
2025-04-05,Saint Paul,MN,Saint Paul,MN,Ramsey County,27123,44.9537029,-93.0899578,"Minnesota State Capitol, 75 Rev Dr Martin Luther King Jr Boulevard.",Hands Off! MN State Capitol,demonstration,NA,elected officials,Sen. Amy Klobuchar; Minnesota State Senate Majority Leader Erin Murphy ; Minnesota Attorney General Keith Ellison,President Trump; Elon Musk,"against the attacks on health care, data, jobs, and services; against the destruction of government and the economy for the benefit of Trump and his billionaire allies; for stopping the chaos and building an opposition movement against the looting of the country; against President Trump; against Elon Musk",we're not going back!; USA flag; hands off; hands off immigrants; we the people will not be silenced; hands off LGBTQ rights; we the people are powerful; diversity is our strength; protect Trans kids;,economy; healthcare; war and peace; presidency,immigration; lgbtqia; war and peace; patriotism,economy;healthcare;immigration;lgbtqia;patriotism;presidency;war and peace,1,1,NA,0,25000; 50000; 60000; 80000,25000,80000,52500,4,demonstrated at capitol; listened to speeches,NA,NA,NA,NA,NA,0,0,0,0,NA,NA,Updated low estimate to reflect Minnesota State Patrol's estimate,EF; JP; SH; CS; ML,www.mobilize.us,bsky.app,www.youtube.com,www.youtube.com,www.mprnews.org,fightbacknews.org,www.womenspress.com,correspondence,NA,NA,NA,NA,NA,NA,NA,NA,NA,NA,NA,NA,NA,NA,NA,NA,NA,NA,NA,NA,NA,NA,0.9978165938864629
